"0","# Create a summarized dataset of projects by both borough and category"
"0","#"
"0","# I also won't give you the code to make the summary for the heatmap. You'll"
"0","# need to group by two variables to make the summary. IMPORTANTLY you'll also"
"0","# need to add another group_by() in between summarize() and mutate(), otherwise,"
"0","# R will calculate percentages in unexpected groups. "
"0","#"
"0","# If you want the percentages of categories to add up to 100% in each borough,"
"0","# you'll want to group by borough before calculating the proportion; if you want"
"0","# the percentages of boroughs to add up to 100% in each category, you'll want to"
"0","# group by category (either is fine for this assignment)"
