"0","# You'll only need the tidyverse library for this exercise"
"0","library(tidyverse)"
"0","# Load original data"
"0","essential_raw <- read_csv(""data/EssentialConstruction.csv"")"
"0","# Clean the data a little"
"0","# Some of the borough names are in ALL CAPS, so we use str_to_title() to convert"
"0","# everything in the column to title case."
"0","# We also make BOROUGH and CATEGORY factors (or categorical variables)"
"0","essential <- essential_raw %>% "
"0","  mutate(BOROUGH = str_to_title(BOROUGH),"
"0","         BOROUGH = factor(BOROUGH),"
"0","         CATEGORY = factor(CATEGORY))"
