{"chunk_definitions":[{"chunk_id":"cdq3i2qp4d9nh","chunk_label":"load-clean-data","document_id":"B7D77495","expansion_state":0,"options":{"engine":"r","label":"load-clean-data","message":false,"warning":false},"row":31,"row_count":1,"visible":true},{"chunk_id":"cmjnnkofctlz0","chunk_label":"summarize-data-borough","document_id":"B7D77495","expansion_state":0,"options":{},"row":41,"row_count":1,"visible":true},{"chunk_id":"cijbwx5fwii40","chunk_label":"plot-borough-summary","document_id":"B7D77495","expansion_state":0,"options":{},"row":50,"row_count":1,"visible":true},{"chunk_id":"cd3qcqfj715og","chunk_label":"plot-borough-summary-count","document_id":"B7D77495","expansion_state":0,"options":{},"row":56,"row_count":1,"visible":true},{"chunk_id":"c84yzu7rpku7e","chunk_label":"summarize-data-category","document_id":"B7D77495","expansion_state":0,"options":{},"row":66,"row_count":1,"visible":true},{"chunk_id":"ccmzcldm5e7ex","chunk_label":"plot-category-summary","document_id":"B7D77495","expansion_state":0,"options":{},"row":74,"row_count":1,"visible":true},{"chunk_id":"ck9fh6vkimfah","chunk_label":"summarize-data-heatmap","document_id":"B7D77495","expansion_state":0,"options":{},"row":96,"row_count":1,"visible":true},{"chunk_id":"cs20wtgey0pu7","chunk_label":"plot-heatmap","document_id":"B7D77495","expansion_state":0,"options":{},"row":102,"row_count":1,"visible":true}],"doc_write_time":1616375109}